Temperature,Moisture,Nitrogen,Phosphorus,Potassium,pH,Crop,Disease
25.661555262290435,69.37734705148189,17.8794539191132,14.395940724507387,22.588835527008523,6.069260613107902,Rice,None
29.921377013247152,74.39767563693812,19.91825908740284,14.943458526279688,26.849466447496795,6.0629462346463985,Rice,None
26.633108150818845,76.5150022704285,12.063563467675058,12.41931923233318,29.041335423252974,6.395163414831805,Rice,Bacterial Leaf Blight
26.7153921651211,69.42978377212809,17.23661874311143,13.404295620405247,29.447117572958156,5.867133149180564,Rice,None
28.492054782598558,62.652202518355985,12.716390571029036,9.709610479346164,28.760570713713133,5.779973988785431,Rice,None
27.027476251463426,71.75937418238792,15.492875236514973,14.383655800936324,27.251506156892948,6.408241068442195,Rice,None
29.56434792365959,75.20790624282603,18.543349805811175,8.359168243657766,20.39676616348493,6.99425546316309,Rice,Blast
26.516598824286135,71.20097799863653,17.40382219215685,9.917137889124742,27.726630799036386,6.325955674936655,Rice,None
28.782930424402124,68.26874670061798,16.374251822979662,13.817539898566231,25.271300309647845,6.65091970298584,Rice,None
26.984497741628044,66.12564719602416,14.171586939330885,14.401108732838619,29.581217951832535,6.56263369453311,Rice,None
27.521491297046648,65.18964612186014,15.722514888558287,13.386489280660994,21.22369051690965,5.907026228453836,Rice,None
26.728853800447723,64.53291150356586,12.395970813484897,8.338926562477438,18.770301989390212,6.470842216595221,Rice,None
24.21284127084779,61.77781359238988,18.165229880477682,9.346581392233654,26.63643348162561,5.503762743001358,Rice,None
28.753813300434953,75.04215052419293,17.068403630302235,8.552109469336093,24.609837682591284,6.070870763520203,Rice,Blast
25.911202524878814,69.2400498808717,17.58478529260118,14.351539110724794,18.79799238406664,5.818119766836725,Rice,None
25.576159794138295,71.13924495074224,16.237794231522376,8.892174459380222,17.32281800127737,5.517272890609153,Rice,None
25.42248650141737,66.2139345524302,19.222275179180787,13.31587132332886,22.23479562505836,5.594461013357322,Rice,None
27.25204698619894,68.2870626314801,17.185752177535623,8.977953050746171,19.977407945729027,6.528311469684295,Rice,None
29.57992673970549,65.81499558874053,19.051795271249013,8.007018928539154,18.048644942977916,6.561668066587195,Rice,None
29.23761697211356,63.168719102529764,19.45858102593308,14.210223195761092,27.013182512574872,5.981816750193999,Rice,None
27.45377325060382,67.16015185403518,15.272282091545932,12.906310943993741,22.462789596578396,6.38195816282362,Rice,None
25.988714951086077,60.038334327972464,12.036792357767265,14.542435068832209,26.782395861261463,6.376766796383503,Rice,None
27.42726229680309,68.76507023915096,14.56272064927336,9.311319879532801,26.21156329897019,5.805132851558695,Rice,None
25.643535215172086,62.699910666217406,16.867773631626132,12.830371398342372,21.468650273069613,6.501267438330797,Rice,None
29.046456891266768,69.57851593606506,16.30525539111393,8.225419141533726,24.849169141940486,6.93719627636711,Rice,None
25.355275113199397,64.54739929679712,17.990483951908345,12.177508598117804,22.98989433519227,6.8313202515871225,Rice,None
28.41999817990191,76.96205322444779,16.949637100275375,12.198711676237155,24.807548931518287,5.75224886697239,Rice,Blast
26.34312423994234,65.64735885631849,16.79452559187064,8.545002438457757,27.536109586740942,5.768626697464221,Rice,None
28.004726709813102,74.99072926839787,18.846825426399985,10.36077979373932,26.232084514372936,5.745999668086948,Rice,None
27.44440072626988,75.63822242719647,16.249772411535456,8.1919598107539,17.810006846075492,6.257471697706366,Rice,None
27.90891195108231,79.77650422033797,15.058455736109025,14.086727798760105,28.63260393740893,6.186733575829311,Rice,None
29.827310852609443,79.66652495235184,13.591062464681613,8.182899529799736,21.31142070522838,6.472994424273908,Rice,Bacterial Leaf Blight
25.055861688505342,74.55189084578595,18.934458028164798,9.683728850085405,26.191124849729448,5.621671298719829,Rice,None
25.99902702385535,70.88966238480768,16.97964874139761,13.716031799082115,15.722949901866448,5.9082746013128995,Rice,None
26.847041524281202,72.76931982389112,17.31228063134516,13.367744650415805,15.776483652386219,6.531721449527323,Rice,None
29.742441924158157,74.56177198350882,12.368496595810774,10.713601023962113,21.99694654160509,6.621460618022912,Rice,Bacterial Leaf Blight
27.699633061510184,67.114093074697,13.816073722395116,9.15207875429885,22.768723299241767,5.874544042939722,Rice,None
25.078850908681716,61.683549212641346,15.96017638851524,11.433966880029867,29.382134509450555,5.609269328836725,Rice,None
29.841205351479104,66.02688979677558,16.044086266627197,12.87919152609846,17.087705953842285,5.733684183723912,Rice,None
29.026273415089637,71.0815778132109,14.17738872451856,9.092947381998371,18.246688415237486,6.322436313998616,Rice,Bacterial Leaf Blight
28.4576313640378,64.60727131786315,12.132123988989676,14.323580029951096,16.280911618306316,6.4252787155335795,Rice,None
25.35908996233111,78.50557366275238,14.604055830063393,10.89732493462943,29.42252887116731,6.2869184458384755,Rice,Bacterial Leaf Blight
24.221056257916576,71.06317366354362,15.723840148422092,14.31068007804451,29.277331219851614,6.734985587005739,Rice,None
29.58136029316404,70.52764041046915,18.687149973387214,8.763594794576658,21.880010034279124,6.598589484244279,Rice,None
24.977989155005517,63.33044402898776,19.744454139273905,10.843409261688647,15.40394214289978,6.692981006275654,Rice,None
26.332797841055182,61.98496586623988,12.92508172877563,8.420342848649303,26.532251192604043,6.650109976786917,Rice,None
26.35992570715908,72.98249234850702,12.022747314601986,12.74815419815566,25.578304531510177,6.685539789922345,Rice,Bacterial Leaf Blight
26.651558504098023,79.87041235749338,13.359840461909565,14.979896452343667,20.88690465955734,6.597585901038059,Rice,Bacterial Leaf Blight
26.344080368276398,76.58339769524363,17.00620103735043,9.000561877570313,15.969217149153097,6.836980441500975,Rice,None
26.699129192075958,63.562471545767785,19.281003412935497,10.43348729380571,24.416778946476065,6.450579456929721,Rice,None
29.84827914866476,70.06748539960357,17.946830648780352,12.34700712861779,27.160616663738026,5.595860804925796,Rice,None
26.783100941769128,63.06047622428875,14.922056165083601,11.66612111420506,26.478896104931554,6.342250240153572,Rice,None
27.366462912960852,70.75023201974943,12.365505036065645,13.07645085220309,29.844870208414157,6.329781280272823,Rice,Bacterial Leaf Blight
25.6650328118086,75.10753462147777,15.906470043490783,8.071247755552694,20.844714881751027,5.856306172400355,Rice,None
25.66047635256856,62.69730755813689,12.27638789037761,14.72023060851387,25.079808999155183,6.9884130565695095,Rice,None
29.402628785393606,66.31616243623651,19.286090387331193,13.781243582190823,18.575802133277634,6.817632563730507,Rice,None
24.86522632528466,70.08690876560277,17.75170044989071,14.63658984894377,17.512759117621993,6.307375917061874,Rice,None
25.891494969740734,71.38891042940841,16.565435433866025,12.150869177062319,27.23214922634648,6.041444578374424,Rice,None
27.737544965026874,64.32305204177524,17.006786043857296,8.601550058598386,24.654392298297942,5.825397494376157,Rice,None
24.477215337842868,61.00165381633829,14.215522898400248,13.259194927424925,28.22248501166265,6.371534136896122,Rice,None
26.673235044418192,65.09330263481486,19.885924895352762,13.683394798395152,26.018395486096814,6.02249957724881,Rice,None
28.629320434017217,61.260332744569894,17.83282753690409,13.514299715904757,15.186106454786685,6.104579206077045,Rice,None
25.554582055700156,75.66808897105443,18.883272613663102,14.323188931211497,18.81053108658093,5.879905276769016,Rice,None
25.32902500079623,72.72517009101406,13.110374060103652,8.95678528699848,25.897157307319247,6.092608432197644,Rice,Bacterial Leaf Blight
24.163584610247014,75.41469550898007,14.588728990075733,12.947461686117567,23.486718805385063,6.631553726684184,Rice,Bacterial Leaf Blight
27.334124340287037,77.656194533318,19.22290144618102,14.574719305918656,28.60529299709005,5.690935918252602,Rice,None
26.10546161310547,70.43049244064144,18.169069058301602,10.19663098745037,18.201709679912284,6.316408386094014,Rice,None
24.39358967254591,74.97458569804967,19.6452557438995,13.798542026883151,25.657613751098094,6.208876616621782,Rice,None
29.6679915360902,64.84469657287983,14.42682678211129,11.552101178998734,17.080677512641163,5.716955988672968,Rice,None
28.03518516503244,61.343519466404025,19.405788889516877,10.6442087437719,25.72787937434848,6.128209595191125,Rice,None
29.056396409281607,75.04788660848044,14.96862700300468,8.11495552376397,24.24241018281819,6.851697781303919,Rice,Bacterial Leaf Blight
27.550155492222068,65.11199072510658,18.713086457962103,8.345232887945233,17.031409029580743,5.6091584153932335,Rice,None
26.779260455365943,63.56810236834538,14.067255978851847,10.46374860229972,25.313249148397468,6.709378410394788,Rice,None
29.00904014698272,67.39657003466422,18.359550192849824,11.190207406878152,15.982976074628183,6.99644593217373,Rice,None
24.46696608275805,67.57890262759355,12.735520808294588,11.52426269315086,24.034095216557148,6.85122647206492,Rice,None
29.287077789500664,76.86688065572046,18.15465473038461,9.635999248129037,27.11908456087974,5.873602586220403,Rice,Blast
26.784026867953692,67.52621780099062,13.921852382663632,12.55544342091973,24.992623952911835,6.424137176929854,Rice,None
27.41240652166207,77.71355344160742,13.776304949957904,14.737239606947721,29.951889369075722,6.967889420380182,Rice,Bacterial Leaf Blight
25.993655384177487,79.72010190245314,14.613968627818824,12.451889629691943,20.356896136536243,5.9894244978447135,Rice,Bacterial Leaf Blight
25.004739844511473,77.47284838371523,18.30888194315143,8.639879322334133,18.574452358073433,6.619626543315953,Rice,None
28.10900248738103,74.15898151805922,12.278731248706695,13.955235815525727,15.118773414588876,5.515245208850292,Rice,Bacterial Leaf Blight
27.080122923181577,67.58072255480495,17.579757689528936,11.678532081048196,26.95793490191415,6.128859798775029,Rice,None
27.70352774699904,69.10290381878798,15.589954460775193,12.321226083823902,21.872165138781305,6.5755637292325515,Rice,None
26.348688120959153,67.76484391274226,14.043503142298924,12.152540785813697,24.540283079908818,6.743629248122151,Rice,None
26.35513147989433,63.99170140701465,13.902025127769953,13.392155242659731,28.978460192603897,5.793820713841953,Rice,None
28.86405141675624,77.99731359493353,16.69432635082324,12.752040596067683,15.167501613872545,6.349309830838395,Rice,Blast
24.253079067663727,68.1357173606996,17.858996411869505,10.199621998207832,23.517485740999913,6.708811087654796,Rice,None
25.76500310648887,72.11595771544198,16.517357955027475,10.584492172556285,19.704784977238617,5.836333613187451,Rice,None
24.631539042626738,67.72395545220967,13.960596381128564,13.333714465368939,28.458284430787163,5.5859572476624475,Rice,None
25.3994344503128,75.33901948483357,12.367031971598283,12.897361940284233,27.456987391646702,5.90090234756474,Rice,Bacterial Leaf Blight
29.94548878974006,63.759245831380326,13.333628723405997,10.03497937388475,24.332608991623587,6.251955635213419,Rice,None
29.111180172558765,66.87537556174141,18.264470013849643,11.580575764188634,16.54809905232981,6.325834565700074,Rice,None
26.675601512536232,66.42365820305497,18.597846337853248,14.590871585364017,27.93911460457081,6.364847240887748,Rice,None
28.740264522022425,78.2102331220803,13.972384796531234,11.761155474408236,15.84203209854348,6.868347760434564,Rice,Bacterial Leaf Blight
26.386707855318676,67.87456155994147,15.851947681374096,10.072691378100268,18.074663994589287,6.533171528911825,Rice,None
25.219203988895902,64.25429901600774,14.171713665586086,9.474271124232223,25.2181855864312,5.847648810906683,Rice,None
26.94240221204544,68.53600089364868,13.917364884598754,11.88492403632019,25.97384720161711,5.97555932844737,Rice,None
26.958117171916534,79.0783071132978,13.895168555712187,13.803705116542385,17.298121992268968,6.237213849708883,Rice,Bacterial Leaf Blight
27.961947342427944,71.41734807787233,17.10810673793672,8.92611191842091,26.938236132207486,5.722545804596287,Rice,None
28.40448348774937,79.34156625322271,18.42845737562761,10.438693868462938,27.217348542744993,6.68633692529764,Rice,Blast
18.962439893158663,56.798575918246954,14.030940400678192,16.445776606475697,23.064285119749538,6.549064228672104,Wheat,None
14.65874127039773,56.7343167737161,10.794863716525457,15.041341244392937,29.66646617064405,6.39146405780485,Wheat,Yellow Rust
20.25768987776173,50.074055502944695,17.754350389819457,16.11512454940155,25.321637437295877,7.155919971925417,Wheat,Powdery Mildew
19.21611635060599,51.02587578437074,15.096633468261967,10.16643295382588,24.063519087536637,7.260018677131032,Wheat,None
18.92170084389891,46.44231238266309,13.826388603822748,17.04724763015244,21.719029755830206,6.460069787113884,Wheat,None
23.155832703198808,52.50670777038335,15.734373440474872,13.33079857974812,24.293175009570955,7.424090591306577,Wheat,Powdery Mildew
18.786234997546394,48.704492880425306,13.26288858763182,14.046434781845676,23.12995594603526,6.288620159573097,Wheat,None
12.865318162755862,47.35690800870026,11.679102587666765,18.06916690160402,26.246165833631014,7.383510957177793,Wheat,None
18.682295730701846,56.496638286502005,12.14084514459749,16.109322528646004,21.620170466660582,6.209251004663991,Wheat,None
18.555109337109542,56.89207703230946,13.73200365345766,10.244444257098246,29.65490424960702,6.987927426940198,Wheat,None
11.938159610829745,53.61995465811116,14.456208472229306,17.155094582948642,21.77049780801463,6.60745345095186,Wheat,Yellow Rust
13.76867788852642,54.53916033833123,15.062974590187135,19.734002904352486,22.552248378104576,6.218262018719005,Wheat,Yellow Rust
12.471136604182636,52.65128723984087,15.757065232572465,17.64261676521353,28.615444692185026,7.229756264502006,Wheat,Yellow Rust
16.224494785979967,49.76002134288354,10.667904545731727,19.58428219170308,26.24795307326609,7.0540433599637025,Wheat,None
24.84912648653269,43.135435752985295,11.281263841522756,15.80700093708521,27.64204772475647,6.0992234965498895,Wheat,None
11.740165932303995,50.257941763680876,10.148632460718453,10.077516219748428,28.592215277518513,7.406948849414199,Wheat,Yellow Rust
16.957001569941646,51.31086908256003,17.29877662253542,13.01981410101564,28.715431221141564,6.3804186664363405,Wheat,None
15.619669534532362,50.522329418526596,14.205053132227004,17.190617994219927,23.300309092069135,6.054662147956327,Wheat,None
22.234601711421902,54.01499976562849,12.571996147560803,18.124198732412268,26.181045793756475,7.237983674437625,Wheat,Powdery Mildew
12.781046609084266,40.86675288116639,12.9337348525222,18.983827321125208,25.91889735591702,7.099208084877985,Wheat,None
21.203515084378125,41.812222823040145,11.709335035536787,15.69612463506756,25.982069378241036,6.637388119467552,Wheat,None
14.380228605446112,57.40467981998815,14.133841174349087,17.467198021875568,23.364714448133526,7.209041266120831,Wheat,Yellow Rust
11.155794122876996,54.416282853481704,15.45719726623755,15.189501966475126,29.904022020618537,7.239013105056758,Wheat,Yellow Rust
24.593805388919414,59.21236212101207,14.559918761643742,19.43350008434973,20.4017182142575,6.099371246391074,Wheat,None
14.440831275232096,51.578224696858065,16.3658241531174,10.43237426778424,24.461580807355194,6.665525991883682,Wheat,Yellow Rust
18.746766899918978,47.86363525812361,13.036629023430521,10.315071883521723,28.788068542529302,6.204429517056798,Wheat,None
13.412598436856625,52.48776614252169,16.213823604569427,17.1353783070655,29.82855836315808,7.463889237086324,Wheat,Yellow Rust
19.393226153417743,55.578656724700906,11.999693472405735,12.603519313286295,29.504522192890597,6.289130561818054,Wheat,None
16.03806605245158,54.27684486843919,16.496604971904333,15.483012922319958,28.932399814610754,6.611162509946543,Wheat,None
17.71983671169273,46.99551192053475,11.426990496706814,13.13273462025434,20.751224504228052,6.446071798944995,Wheat,None
19.09185046538113,56.109418769025666,17.55495840857274,12.873206265673078,26.499960294859903,7.31004057781125,Wheat,None
16.811795118315214,55.9527875375902,11.0144568919652,15.195892528315362,28.980752298132384,6.221408810773907,Wheat,None
14.935080900857786,52.04475942000613,17.506286792327778,10.945780805147105,27.02787281803913,6.703843244793674,Wheat,Yellow Rust
21.016282721479875,43.62318824953069,15.846212354253751,10.34619154700035,23.09052619974978,7.100060798577626,Wheat,Powdery Mildew
22.562714202749298,48.03518304772505,16.621603177058468,13.110231824907924,24.9512833133669,7.494262836028234,Wheat,Powdery Mildew
15.25661132058384,50.945788935697834,15.888176041103375,19.178897816225216,25.271995768486008,7.173005485001714,Wheat,None
13.413602657272483,43.28129134495083,14.524209729418601,18.483010927440446,25.996967139407136,6.8095443817053,Wheat,None
11.680120952502973,54.770641434267546,17.806582274587317,14.78953502057198,29.561915329869294,6.599535361572236,Wheat,Yellow Rust
16.80220591257528,43.16933056165075,17.35880099687388,15.006762408302777,25.518946257937962,6.358754171222994,Wheat,None
17.537827534303297,45.86117337484421,15.10787969921482,10.04036098932737,28.11606981884335,6.840492296630231,Wheat,None
12.335111127490885,45.8561902033505,14.323951521815687,18.2619822020732,24.41762361927777,7.334071363102632,Wheat,None
21.830835492645978,44.94127984933269,12.089086978707524,14.576535501666037,28.887496298003576,6.617324611366525,Wheat,None
12.274404421818778,53.779871138700386,17.398818847910213,12.327962982072338,22.2647322345763,6.798772500724437,Wheat,Yellow Rust
10.180087292606645,43.12846214337221,15.045390270883175,10.263811676197864,27.2685280100018,6.609993523544523,Wheat,None
19.00113342090672,42.484701655645964,15.410010375076478,13.200178074708923,24.39015321261021,6.975484923953541,Wheat,None
18.354273142604033,58.777949417094376,13.33286919669206,13.755457948749754,21.68355439845471,7.185760262695402,Wheat,None
16.652718451088774,49.455005153928845,14.769025757237442,17.10380424385641,26.293600066034106,7.453212725986855,Wheat,None
11.857639541104035,59.202401315031956,17.00032145887635,12.6704080878286,23.120969997765528,6.717662471232453,Wheat,Yellow Rust
12.928067464198197,53.7414414834134,14.414531952771503,11.020253386292678,24.731195099038217,6.707281797672678,Wheat,Yellow Rust
10.928349863422815,53.29077185189099,10.83161965959307,10.372687467332328,24.624111027791173,6.074521867597682,Wheat,Yellow Rust
18.277681891157293,55.598740354099654,16.18710831023292,16.30942213724478,25.016763457538786,6.749433456459735,Wheat,None
11.232350372944378,44.23198456498092,12.928141147480154,19.28453254074763,28.967758063536408,6.981484261967689,Wheat,None
19.347900154343314,45.412115242655446,16.255661973958972,10.339382783862193,29.052008673028435,6.225289552243629,Wheat,None
20.840476083673543,59.80776388091971,17.011248452297068,16.100932392327326,22.769991729522417,6.118183130387989,Wheat,None
12.04483147554858,43.620741601368366,17.108448633243157,12.53604589557482,24.87253815085798,7.349399502982802,Wheat,None
17.511816454169566,43.50363753083433,11.975017063184755,17.979749920643126,23.114762613071587,6.786647307833437,Wheat,None
24.85239295956505,53.99868614506826,12.900024757310419,19.97104836625027,23.12524564143893,6.358752434845167,Wheat,None
11.530690867782525,51.465416754449365,15.592314395763744,15.513448818978263,21.572353969228047,6.22359805908207,Wheat,Yellow Rust
16.502066779480003,52.081907008044695,10.457007282728075,19.82850118226971,28.544331402217782,6.088333611709097,Wheat,None
16.890824917848605,42.938143111290444,16.553732128238394,18.12917998962572,28.62888453510022,6.77065992185989,Wheat,None
10.941680494978996,58.348438091250614,11.280812564204616,11.634792729056475,21.833079520017176,7.246767714161392,Wheat,Yellow Rust
24.93250728449035,40.31668907270208,11.8066280529352,17.01123647560528,20.58313138813771,6.365567247930102,Wheat,None
15.152020074927773,40.09507244898017,14.540114921677258,14.143117875925977,20.67999492181575,6.896991248602651,Wheat,None
14.480884640280749,42.902902450772025,13.346901231324242,14.276571883780814,28.09336536544638,6.4221381388654715,Wheat,None
15.388506989547146,50.962649097173724,15.129887372133316,15.508457783116974,24.89074079421492,6.380972752140704,Wheat,None
10.878479713203038,40.12596202818359,16.66087065149391,12.832060142411748,25.90052359815733,6.082699666345693,Wheat,None
11.134427247170754,40.221846274389996,14.962349887254051,18.490970224624853,20.800707104019985,6.099375862184236,Wheat,None
10.940657264694943,45.761249308782865,16.056025456013778,12.382305474064967,21.667690629207193,6.312726941840402,Wheat,None
16.587581955139843,42.196805861051864,15.630103217982462,13.510597585210226,26.77625070697416,7.081632102840168,Wheat,None
14.382860936458702,45.08010139343285,15.965247872196581,14.563660956649379,26.241463073646866,6.259431249379844,Wheat,None
23.05255009633124,47.59496863997921,16.524807747038494,10.638503569643285,20.766777863758815,6.965975276652816,Wheat,None
14.952851054177247,57.2178020049729,10.621881592973256,14.42156617731622,22.151954831222646,7.021344244424801,Wheat,Yellow Rust
23.988994782866275,57.77551536105082,12.689034452381406,11.044850026139663,29.387168798178273,7.405538296933888,Wheat,Powdery Mildew
10.724147799246527,55.43127822284626,13.352790072270551,12.770970649771412,20.967626344937575,7.0378012212208585,Wheat,Yellow Rust
22.959843737655657,53.61157547747687,14.186651891672057,16.459017768909796,27.917860534118653,7.435326746007168,Wheat,Powdery Mildew
24.813941828123532,43.21366799001071,10.385528128249494,15.494291859720677,26.044985461639893,6.79616072126364,Wheat,None
13.291655313847123,47.33301825114157,16.711212806541305,18.903270972706174,23.63553403080062,7.110925910206777,Wheat,None
23.35819498479013,52.993623338670616,12.28972086121157,13.438644360369823,23.309119866521595,7.127175793796937,Wheat,Powdery Mildew
22.754905170212208,51.70337222758148,11.82401689082397,14.332108014765144,28.982828595555908,6.59924035266821,Wheat,None
19.609757305859194,56.435251663570355,11.6896943785332,11.248730366740121,27.81792246453419,7.155379983748373,Wheat,None
13.370042934375274,57.48823284189184,15.514186086496611,11.526484020574243,26.398412233013186,6.528327599053691,Wheat,Yellow Rust
13.52293369298831,50.03016616410992,10.957277572899542,18.483564367468972,21.027608904680655,7.370203406163929,Wheat,Yellow Rust
14.8791829299722,58.44243264924917,15.675073166347072,10.073305254411926,26.6477221688465,6.639508767450554,Wheat,Yellow Rust
23.880954766241658,42.39306244159293,11.078577169373771,10.027102729892054,25.765378027079624,6.305373529500087,Wheat,None
24.3702954339578,55.032824663823774,17.771340768935044,11.282880354322733,23.192318399329555,6.545430634510479,Wheat,None
12.49977887300074,49.0317030062198,15.457509027508145,11.961573037186831,21.449724715099222,6.285477217284692,Wheat,None
24.558361592829247,40.91791185206332,12.376972732445102,16.313254244796248,25.892477616540845,7.419297877432474,Wheat,Powdery Mildew
11.169634440778914,40.867456837957725,12.265890558596077,16.889148883650893,21.35400013833,6.9750744319765445,Wheat,None
11.662738489193906,44.479966696390065,10.48729769308062,19.559383786902842,29.60502973768651,7.361408998446145,Wheat,None
19.33410466723207,56.20715360238447,11.060405298602973,15.480838059688002,23.095010705272884,6.135301120279692,Wheat,None
12.179961909901369,51.22813180581943,12.234771519420725,19.815364289923224,26.191449610706833,6.181853577356351,Wheat,Yellow Rust
11.428533604102489,56.124877867637906,14.216916544814065,12.73969062508878,22.724350869641626,6.52719611022679,Wheat,Yellow Rust
10.033832164842286,45.845429710792516,10.730848345465576,10.947300406531014,26.300826147428012,6.212624224722693,Wheat,None
21.79890890979786,48.86936922638647,14.15272632718375,13.349835572719222,22.16901790959222,6.274718130964785,Wheat,None
11.817560942735966,43.347276478633624,14.840920862104614,19.526948747514357,20.14692370654211,6.814205422493592,Wheat,None
12.699791557044515,58.01720452481671,13.194193932227208,10.789943902536045,25.186479050259415,6.665624669403965,Wheat,Yellow Rust
24.133654723414395,51.16935978381544,16.891620583591674,18.525124176487605,26.97343498560981,6.976714483145306,Wheat,None
24.060740274839304,42.71848471563003,11.407026430414815,16.91705908356746,27.717763314180665,7.056448332909818,Wheat,Powdery Mildew
11.2878126131355,55.8928275648814,17.88487649400048,15.728376306334898,27.723560853345578,6.51663848567857,Wheat,Yellow Rust
16.124007803815054,49.95178439101973,14.795247209150581,11.869268457963866,29.260902959160255,6.470607001034952,Wheat,None
21.415774272631293,67.21140521494962,19.537605359682562,19.810351022419354,21.277891990078178,6.359750222701882,Maize,None
25.007455629631338,66.54209639467008,18.547490822488555,19.19006424714931,22.624318830464997,5.609575786189538,Maize,Leaf Blight
24.9616461013879,62.56643510679055,18.307375986128715,13.336724166612026,19.803306771061543,5.907897975851467,Maize,None
24.018788534839597,64.10589776012267,16.602338043135923,12.759333954015476,20.889872009001188,6.9884319619981135,Maize,None
25.411401034246044,63.922657875041324,22.969990762893246,13.526475438893794,20.533436446932093,6.174766555768025,Maize,Leaf Blight
21.44536869275126,54.87012976495942,18.88830134856154,14.316745723397364,26.73539073356883,5.609088811017625,Maize,Maize Streak Virus
23.183313710285496,51.704578055552396,20.378452638989888,15.265385835003348,24.451231803037686,5.673753682361449,Maize,Maize Streak Virus
23.10850035898079,64.80434501762171,17.77683719553012,14.250988802048731,19.173427322360627,6.155831940297452,Maize,None
21.505930323907222,68.73346185992247,20.477865572061326,18.256105828346197,26.784018480763393,6.872697327194753,Maize,None
26.40058195652336,54.11995959177969,17.326357158353915,19.533359326389785,26.617048204329308,6.281030280729867,Maize,Maize Streak Virus
22.56439554748717,55.35849525527473,18.028636015368416,15.729322652054835,21.414927748509243,5.6351749989638,Maize,None
25.09134892609352,61.69262550356776,17.59457035061502,19.981146222368068,21.433110205961935,6.942084113189104,Maize,Leaf Blight
24.647310274543063,55.27209843929042,17.536997652373593,17.983788571805963,18.437061758178796,6.041747959467183,Maize,None
24.482634520493363,57.73019936756689,23.620198937549826,16.8406968668505,20.946304670221707,6.183471850596059,Maize,None
23.00225129742319,59.00586331638601,23.161964962087083,14.505921897561922,19.883955011454866,6.998116031655832,Maize,None
25.48435085030936,53.169799117997684,23.50973348458983,13.177979339568019,20.28366635666419,6.891290249089781,Maize,Maize Streak Virus
22.277644794695593,56.401565838719556,15.94467822095351,16.700293261495787,19.566592082597968,6.701924616227285,Maize,None
26.073982607394726,62.71021438976594,22.605168246198822,19.929031614604,26.874880456069704,6.987490614740049,Maize,Leaf Blight
20.742881646339647,53.374040950398644,21.193333581951165,11.978598861813362,25.787671452120865,6.836789656600343,Maize,Maize Streak Virus
24.355597034451524,65.90311950248322,19.214453625509947,18.70163961276292,21.84720600832595,5.702121390796399,Maize,None
19.01051532755359,65.67995123563465,17.052538472033806,13.220323829418584,26.64259237568031,5.802990080459903,Maize,None
19.10364223537611,53.048038000341656,24.856481967842576,19.408320945991818,23.038850288120777,5.7671294180784205,Maize,Maize Streak Virus
19.675160905333737,54.1010470847053,21.35096612607631,12.112416805005921,22.85709227551304,5.876049436008123,Maize,Maize Streak Virus
26.412798202056152,56.01929413842499,17.93763790079217,13.290173487326502,19.020462849713077,6.823910438538546,Maize,None
26.91916728506192,64.07216678864587,19.550513166864814,14.9378703931494,21.799106895411946,6.893414609983611,Maize,Leaf Blight
19.620279370957775,57.07456260665827,24.502637293397818,18.800438115928078,25.038510046881626,5.770599098536214,Maize,None
24.388344828019164,63.584603087887814,19.13808895760495,11.53299071151698,22.091524534059392,6.758595326457372,Maize,None
20.663520000107738,52.5784036258817,24.095493752862243,14.684005728532554,18.8137139683231,6.256273264164273,Maize,Maize Streak Virus
21.547042050603398,59.219610285513475,20.073025347031507,15.491987145515356,25.95173348726945,5.748385159879325,Maize,None
24.271343412302315,56.455323475257096,17.514947548706324,12.774242782171179,25.528395806976,5.852951125567353,Maize,None
23.235435606223987,57.795088312284804,17.1953924691968,10.862870667358576,23.150729702787775,5.687125501993554,Maize,None
25.165902938976537,63.05198141171704,16.706875890072883,19.027668756417853,25.53482190824846,5.701471639802989,Maize,Leaf Blight
20.982823652532627,66.06888639047284,24.9704365968841,13.576580666851573,19.95098941468336,6.904474447497057,Maize,None
25.02554965900061,64.57666948779843,23.81614376651043,15.86167347005765,26.716113264514796,6.0188512319052725,Maize,Leaf Blight
26.793321964792675,61.92289116967369,24.08149646116879,12.020931554577569,25.001646217928172,6.570773330840703,Maize,Leaf Blight
25.658067182519268,68.67781327961418,17.533262357249065,16.935827717278983,24.98081738981034,5.944097958561384,Maize,Leaf Blight
19.909899805138277,56.41340970594796,23.74403281872621,17.169845364284875,18.680661255542084,6.780694034897575,Maize,None
20.7273303071387,62.868651922868935,17.977193405545098,12.022052171352609,21.87823752249265,6.209372573896693,Maize,None
20.6932064934388,58.38758468960341,23.266375778516696,15.833700408979752,18.127561670922038,6.2274406755469,Maize,None
23.933224456113013,59.749042654406345,23.441524830060928,19.57523140737356,26.619973594433915,6.373721105047399,Maize,None
23.086392812516877,54.84222125992909,23.08924461320065,17.75279452784646,27.1283424878875,6.011354959652125,Maize,Maize Streak Virus
18.3312791868395,54.52116409731036,17.18023676737867,18.096554747891666,18.76666086849144,5.585586826023043,Maize,Maize Streak Virus
24.926378889142015,53.65868710951296,24.602912170651415,13.681764905876513,26.550285098750717,6.76780675670131,Maize,Maize Streak Virus
24.626496572381402,59.83410326543017,24.481949729940727,16.6950370963915,22.897997451106562,5.68119448352639,Maize,None
22.32109147312065,54.59568404904469,22.594381459897953,12.858418731593558,19.309040912107452,6.674686581501367,Maize,Maize Streak Virus
23.603267708966506,66.98564524516851,18.35295049518673,17.110070796906168,18.375120559889286,6.758606562074657,Maize,None
18.088476823619505,64.83663248176823,16.915394687442145,15.78745349367744,24.39037518995206,6.7084392064097615,Maize,None
26.02927457719187,59.23110020595814,20.384897887135935,16.395633968669785,19.555953480770143,5.974390459764237,Maize,None
20.41116390927143,64.99875500231782,21.620792838456843,10.653549325862313,24.539907187896812,6.811486779549848,Maize,None
24.217580260761096,69.63297808638123,17.555311521687607,14.152370043987297,24.56892797277851,6.549243548822012,Maize,None
23.314109411786827,50.28177050833826,22.8610704278424,18.605805164427373,22.874521500754515,6.828986283924906,Maize,Maize Streak Virus
26.464721076106084,63.41696830171442,16.471022702048764,12.508371800966273,21.801669097816966,5.746061795645734,Maize,Leaf Blight
26.957900374904696,51.50148371350002,24.54908380396541,17.973483979457257,27.187252845915598,6.510550984610096,Maize,Maize Streak Virus
20.84591205516829,69.5291175831415,21.188278371991863,16.922942308129034,21.07517562013722,5.580845187433971,Maize,None
25.85476314649751,67.06398878062123,22.913642217780357,11.653883155070035,22.881145535752395,6.854984310017931,Maize,Leaf Blight
25.139857436916337,57.74135010187557,20.31577146607008,14.665309170497181,26.086324179720442,6.6562882865395245,Maize,None
21.69001022308181,58.506260926861906,22.297517162235355,11.648087127452664,27.67215028387215,6.429751854395466,Maize,None
19.03153674556756,54.98750916821602,22.0252722380431,15.071868242384724,22.583023964206483,6.162712692798165,Maize,Maize Streak Virus
21.008352958956753,57.0543886954501,20.489176912459033,18.888265050893708,23.25058745648112,5.926390842098259,Maize,None
21.814507195576734,55.04769790163355,20.927209826953693,19.996938449650063,22.11123152660041,6.9297581146612055,Maize,None
25.361886079941044,63.429759595722835,20.76180305654411,14.892092333267875,25.762449940464375,5.720903509295468,Maize,Leaf Blight
25.854553397952266,50.08310873279923,22.83789057284638,14.0793361190296,19.580147156771925,6.980971246429265,Maize,Maize Streak Virus
18.95017356641585,53.38373990916718,24.22140702508883,19.734979085299017,20.360618908738978,6.845943335354419,Maize,Maize Streak Virus
20.627179519377012,58.64763004862261,16.195256817198143,12.008086440432264,23.87290771766996,5.781968657311881,Maize,None
23.265483802263095,69.17145598870017,19.655059072523173,17.83439759146757,19.511146971596048,6.223345230167329,Maize,None
24.9570089860329,68.24426570466856,20.232330924547295,16.52279482886849,18.62601062619726,6.329573143137905,Maize,None
18.482462039646638,68.2664408968449,20.28165294613752,10.94548879619842,26.521953814398593,6.924036280316397,Maize,None
18.047666694552316,69.29341230466659,16.332190522858152,11.22097345029703,24.480790285841938,5.620942241611409,Maize,None
22.842745604911478,64.81706762185324,15.334389061174063,11.876683681042362,26.97345576273614,5.5354130500609875,Maize,None
19.911226409219815,65.12824257782205,17.727395399544733,13.160958321607762,20.49317011527447,5.8372014598911255,Maize,None
23.03200606326143,60.800139296795834,15.115223961961044,18.899434909011987,22.96065904594135,6.64816489447168,Maize,None
26.07379041047265,57.47106606341353,24.66170852084486,16.489551416764083,22.464860036414915,6.394400328921426,Maize,None
23.185855455401615,60.39043215864639,15.634365226635161,10.502505848312145,26.140795885184133,5.630717468833666,Maize,None
23.500565645665535,58.927586559300366,16.91685316705337,16.449424893949224,26.87369609340719,6.429611736178468,Maize,None
21.136033746234887,66.13997516485642,22.11468075780235,15.851155516303955,27.539564734086895,6.4147931633052195,Maize,None
21.396702280744574,68.00039243903521,22.253045782830235,10.233717844528487,20.708122725617358,6.728804537417189,Maize,None
21.903484100184933,53.50733683195686,19.272710342649706,14.816361701707525,27.421085652824775,5.516702615980375,Maize,Maize Streak Virus
24.44946373599421,65.18467211175357,21.03997937544938,12.663905060557745,19.324129713434395,5.584652750963904,Maize,None
22.780299876479717,61.331847830632924,24.900417206544493,19.69247150866311,26.8411758723496,6.730617504603762,Maize,None
20.48192261087984,62.93643415220548,17.87706832396041,15.880817408714728,24.61512318568022,6.691805573062886,Maize,None
25.813274145625293,56.20391959700984,17.125298475055704,14.2594801524174,19.61784717366984,6.954814480127944,Maize,None
20.138873214620553,57.414356436870726,17.301550551648628,10.15436976206458,20.625397472483392,6.239817837570266,Maize,None
19.25344304774396,67.2482566006547,22.01796808870629,10.047732426448281,24.381733142179044,5.998361974739939,Maize,None
25.147090025464735,68.83961559956676,17.516073482090718,11.324049642280528,19.639474969821027,6.099594470082274,Maize,Leaf Blight
24.57510035617822,68.54935537699073,19.913820110580666,12.095739987045125,21.90713412629904,6.22366067043393,Maize,None
19.058685209925866,66.28018892709466,19.151099273395197,19.462447311011267,24.625115731977406,5.986780855422837,Maize,None
19.51200251673102,66.50124282417377,22.925854542515967,11.415748584371531,19.075653561867995,5.913996881054152,Maize,None
24.78936606336768,57.88859493607685,17.70436245120981,17.014553154762982,27.464267882467404,6.119878382138893,Maize,None
24.7576386701901,57.83753588377408,23.113633478447774,19.721804409659285,20.811723861729572,5.858279869935196,Maize,None
23.100053114536944,63.59388964242155,17.16008118696177,19.552049266079806,18.54908710815404,6.57469630333037,Maize,None
21.372172113368933,52.88958749563976,17.165572397113035,15.394013637739848,27.968181284099664,6.03344003386819,Maize,Maize Streak Virus
18.652270739583454,66.1557943745115,23.690731932483146,19.961004258147465,27.081028384262765,6.3874894101757045,Maize,None
24.13725791565837,53.01880506522399,17.6550882501272,15.06652951343525,27.819386028508127,6.735070364150475,Maize,Maize Streak Virus
21.731293348051402,69.46708773538492,19.479333780797823,11.502372877464325,23.627975615857277,6.381068000904804,Maize,None
22.390524624529775,69.87816272357966,24.470889826545054,16.666512103028214,19.152883179878593,5.785687509334244,Maize,None
18.372730042596583,53.97226470062524,24.732982580944906,18.638608589529184,20.280864803784898,5.864923977651059,Maize,Maize Streak Virus
24.968556178140688,64.68752722577484,24.2756212811031,16.376820367168783,23.55649055216083,6.722241280712192,Maize,None
26.552855887053255,62.6533664186391,21.96104431216427,12.213737334570727,24.917832307176877,5.929632321773403,Maize,Leaf Blight
20.152019653318604,62.262402219205036,23.502519667189375,13.260442559221554,21.576146912485868,6.264081051292809,Maize,None
18.70501075232823,54.92810280369921,22.988900457621266,17.775195841624416,18.215957931994115,6.842120426826735,Maize,Maize Streak Virus
27.665996666977087,59.84084671122709,19.45827526633078,12.50954535338123,23.149500662745925,6.8199001727690955,Cotton,None
28.477853556537255,59.67181824511836,17.64535628723187,11.539540761459547,21.009142573515113,7.037175941020857,Cotton,Leaf Curl
32.12913455521735,53.64272884724171,19.903408580450137,12.578220335996592,20.409074384435716,6.732566886717281,Cotton,None
34.773763399961375,41.95633708885342,17.067549716439853,8.558918991691476,25.733954414580758,7.197017024082763,Cotton,Boll Rot
30.935081114633185,43.53150014448033,15.721484202146144,10.923050598563897,25.98996195098254,7.236203541118069,Cotton,Boll Rot
28.6485359894979,49.21586787329812,24.424157175989976,13.388470826081837,24.374664290883878,6.484976310987945,Cotton,None
34.0009280085788,49.51202062787581,22.85080586303559,9.70186341140937,29.262172884106604,7.457280113572056,Cotton,Boll Rot
33.698527978573495,47.3587345617256,16.354157229423524,8.746902004044962,25.908249252883987,7.314449598927525,Cotton,Boll Rot
27.30628746563496,52.268326409105356,15.592229237908414,8.904047872818339,24.076450739980952,7.275252179670613,Cotton,Leaf Curl
33.15952357374021,44.764582724251625,19.077804842420935,10.205096852259311,20.02335768163652,7.1995067774046095,Cotton,Boll Rot
34.84556919244987,55.09301371303792,19.193832753513234,13.740600944392613,28.10533247194448,6.694368042971756,Cotton,None
29.819505146304692,43.093752597251225,15.344857047568672,8.06221788675143,23.085293865211128,6.336534797085526,Cotton,Leaf Curl
26.58243551994848,45.61890423309917,20.889226646506835,9.023487049669598,23.968821041489672,6.779531002972993,Cotton,None
34.92415860653435,56.03081416962439,20.85627353999194,13.149030672276742,20.065996211694436,6.160697054070369,Cotton,None
25.90243403604675,57.45424990331141,18.01963796673868,11.05841066504858,25.208344251763833,6.09591982055943,Cotton,None
29.136398751999742,43.220544882504505,22.570622024579087,9.004990909144237,23.530957394640254,7.135987586238443,Cotton,None
27.70609405325176,46.188252748406086,16.899127340224084,11.266131882015419,23.82024204118916,7.043802225559265,Cotton,Leaf Curl
33.72982901907192,44.40527684993635,19.534749017018928,13.438136026710207,22.603639590157353,7.011921183426046,Cotton,Boll Rot
34.321055401152805,43.33535871906223,16.771573425352962,8.255634858009737,25.20700499157595,7.189909569714492,Cotton,Boll Rot
32.008064311018934,41.68578380753063,21.87130200833879,11.888147623598964,27.499010720460152,6.000409871790643,Cotton,None
30.66786230422195,47.58288828352684,24.946211338633105,10.142000755377754,29.089443495380195,6.73731542234414,Cotton,None
32.28615332737144,59.59548295424677,18.769474730791625,14.393216492196576,21.235348573792635,7.198566284348893,Cotton,Boll Rot
28.824523225925972,52.1623768734872,18.315010571213048,11.186137422372088,23.647375251639765,6.204862992302189,Cotton,None
32.234250159538256,46.533603212054075,22.118042897363875,8.711088458815652,25.127988737328895,6.5362073479004446,Cotton,None
27.974036344698355,58.51479200837633,21.8880074185498,10.102385846000425,20.523669065257867,6.993505714335631,Cotton,None
31.151971319821072,53.56185481592918,22.568716519986985,12.364334009256154,29.861809552312742,6.225848304598371,Cotton,None
29.572301631077398,46.985273600944495,17.941974023067758,12.760703352956586,22.33555070400518,6.866528072833788,Cotton,Leaf Curl
30.81363504659091,47.990603015908334,23.984729924721,8.00943816126331,27.354967880883024,6.816370786553181,Cotton,None
33.74382461450067,46.65519734448055,19.66097603546369,9.572124621385765,28.739536352284183,6.249318117058108,Cotton,None
25.161110824305293,55.00521600299193,20.631723960452973,8.019090137755164,22.981264724607318,6.430010871623912,Cotton,None
34.548359104070705,51.71037732552044,21.049571378829576,9.070775691261982,24.22837660244201,6.766566954968694,Cotton,None
27.750144505705272,41.560440924778206,16.374007471437324,8.356548412589444,21.221972907322602,6.1544761929208835,Cotton,Leaf Curl
27.122931805739658,53.122666721722766,16.178213412305492,9.03797340043399,24.08319847494459,6.233610430413165,Cotton,Leaf Curl
32.99470205850075,54.24750118328721,24.973024372274246,10.543870706513289,29.153878449525592,6.931205009962001,Cotton,None
29.97860659358154,52.65252336552169,17.664525027517016,13.022638629795576,21.75355072302577,6.620744140412325,Cotton,Leaf Curl
26.249850457407106,48.43498562260628,16.489767749774387,13.765336582665569,22.50845736087824,6.983263401509361,Cotton,Leaf Curl
28.017576270274773,58.318026658664735,16.67689440678413,10.524691988557851,21.080783795235433,7.33977718446368,Cotton,Leaf Curl
27.876719872717914,43.641022211997004,23.912209931259035,11.786479156943853,21.417106155174963,6.849668812667136,Cotton,None
27.653339320628593,59.13876228826253,24.95639056420238,12.13564492465969,25.429278253113345,6.268168181526513,Cotton,None
25.659924218990405,46.28422687761956,20.675744464471173,8.314569061464859,26.22875485759723,6.7070861829405235,Cotton,None
34.06913250977076,58.39176732517495,18.629098980027447,10.001873831598614,29.589788556152122,6.905799695759076,Cotton,None
25.19145489168584,46.03247159492129,22.03701398548501,8.952729797971081,23.449973428148372,6.661070250174237,Cotton,None
27.91722306814539,45.56549063404856,15.64885488963918,10.768905290176555,25.279926806482376,6.248888617426698,Cotton,Leaf Curl
25.674927412840777,48.50253341811502,18.5282596093024,12.847705456911584,24.19689125600185,7.012654362416881,Cotton,None
34.54698794863188,40.92294829809007,24.979902477428094,8.945210357008051,20.124050340393794,6.723695800606396,Cotton,None
26.797468296493186,48.46796237968921,16.32008583640053,12.263975370140816,20.930602211238174,6.365802519089456,Cotton,Leaf Curl
31.71293771334697,45.53123854453895,15.156250267133617,8.258580098126465,20.514971542335296,6.709048344112739,Cotton,Leaf Curl
27.99980217423319,40.59963497047954,20.697391791261694,10.266992072316025,21.528360083133254,7.262825290798335,Cotton,None
31.781288343243357,55.63132742608097,22.477531962601525,10.537208226433641,24.149489625664884,6.982122903117196,Cotton,None
25.793707186941546,46.020724802807486,16.593506372290893,9.660422113023841,21.63717762487909,6.732787547925811,Cotton,Leaf Curl
30.052121008962335,52.093302991715206,15.293433146082528,10.683424780761763,24.94505272223837,6.698080620099109,Cotton,Leaf Curl
32.02076729890239,41.90921016508989,19.934550861724574,12.281749003715202,26.430262260946666,7.1229788726058185,Cotton,Boll Rot
32.28332484542494,44.526644548870664,19.823819387884434,14.44281857947775,23.773183951133156,7.147028311930892,Cotton,Boll Rot
29.350641985014526,44.281612720624636,21.138321362670805,9.354474414719826,21.110714378054517,6.747045571697585,Cotton,None
32.09081557960472,54.379267077674015,22.984208468100107,11.700094959763986,21.08978898086466,6.736334466316405,Cotton,None
25.624399735277063,58.35482898766697,17.807883471033197,11.490499954296082,29.79647111132702,6.973365204327669,Cotton,Leaf Curl
28.90313360442606,47.587362295936636,22.183532654939334,13.898484429941412,29.951786465701197,6.309228121042734,Cotton,None
28.82426003058765,40.75386134609066,17.644315054400145,8.55061084179403,26.936470410557718,6.716605603640144,Cotton,Leaf Curl
33.8675918095317,42.27415129228121,22.783145238970803,14.654102080188833,21.55652138960729,6.222595785794406,Cotton,None
30.761302954094518,43.46832208309934,23.366394007513126,12.98135993609056,25.174695050091312,7.069059629987137,Cotton,Boll Rot
28.799630567618962,55.75796880186438,18.337778082491937,11.62952125642472,21.774075358112047,6.038935102150351,Cotton,None
26.115164320438396,41.120084049139734,24.061082888707293,10.622638539209245,22.405977346773,6.008495576872441,Cotton,None
32.08708639664915,56.40153472637361,22.976129217109147,12.380664010247125,24.40717387136811,7.416180311702203,Cotton,Boll Rot
34.07023752995601,41.90010840776567,18.227113777301277,11.570986279669304,21.966230431884217,6.2317710750783695,Cotton,None
26.22016155824177,58.462087672732885,20.197927965910427,9.10127525311189,27.67497779614888,7.4899677767133355,Cotton,None
26.997540249154927,47.06824919572346,17.821703175055482,11.300585745930675,22.709017609438835,6.711778484359503,Cotton,Leaf Curl
25.243602491070288,56.96839024401039,15.735925576788581,10.885003498651315,23.94284468001007,6.375593476453092,Cotton,Leaf Curl
25.151876655643186,56.98144593999933,19.560647893715366,9.445898077242896,25.309491133266896,7.392384308703381,Cotton,None
32.3646242332279,46.60792788979333,22.060619762512978,9.362891204037282,25.43908569421297,7.370325841268505,Cotton,Boll Rot
28.64711199973408,41.70007196152281,15.83117650566143,9.996539643492554,23.650413038394355,7.263312158003252,Cotton,Leaf Curl
31.949399728612335,59.62272912434145,17.010199121175688,10.03053921754146,22.111291154859785,6.133160998950642,Cotton,Leaf Curl
25.89923172976572,45.43112268262662,20.311044349503113,10.543109700255767,20.178621305945775,6.219913449410409,Cotton,None
29.36352619909206,43.86641229617393,24.092922299674058,13.980081813234765,28.100138885776044,6.161407636547037,Cotton,None
27.85404477106362,42.992492878660975,22.04834002543497,13.959552206264314,22.167281833417796,6.609846078624102,Cotton,None
32.23097437118602,54.905483485855655,24.662829063490783,13.662975200578963,24.385449230997093,6.746021089844054,Cotton,None
30.79171804347496,50.90901114725242,22.625691654238256,12.035567593510333,29.645456772737404,7.373047460223901,Cotton,Boll Rot
30.06343111011433,43.09304547955962,15.77093348461031,9.47824934175464,26.163037244036857,7.494575413966978,Cotton,Boll Rot
25.283332260519373,45.241302324341234,19.438575613959333,12.583274664863684,27.223535424622682,7.152019652675586,Cotton,None
29.117407999074874,52.520970652756766,19.001289659120104,8.970848373669703,23.58290040951551,6.1127351277302635,Cotton,None
27.970785567340883,47.69188205221384,20.736644797910365,9.703992630811266,26.596792768169948,6.256096665441622,Cotton,None
27.45510327527644,59.44993734789047,23.15365651110531,10.020813688019738,24.577445282355672,6.766009578653633,Cotton,None
29.813362802410268,58.782689471851164,22.73472422117987,12.517963578612282,23.593025852759077,6.716173389954214,Cotton,None
28.89333211441174,45.18455335426584,23.80547810370367,11.92451928435512,28.762623726106774,6.8742766697691,Cotton,None
27.32213091634426,52.53095026846202,24.755693285764586,13.505658885126262,22.311223327164985,6.3639729392476205,Cotton,None
31.625364447334647,41.462058977621794,16.67195035421292,10.202643100332045,29.62571216507851,6.839935331862046,Cotton,Leaf Curl
26.538843631999093,45.01375279698965,18.714869224046204,12.599068917807212,20.28694212109427,6.260070855750679,Cotton,None
28.37113374506932,43.4730870067338,22.146129452585193,13.467332954254577,21.764146609646183,7.480258394131738,Cotton,None
28.283741872400924,52.31927265405204,22.532986874850316,8.550841612012272,28.14486681394639,7.181129916533782,Cotton,None
28.645445230282164,56.65770389755704,22.575899688835566,12.911272183527597,22.158134812238313,7.02569022568839,Cotton,None
28.34606163918233,45.19439521326466,20.459615714198783,10.667505527063863,27.11789309932707,6.100749495791159,Cotton,None
33.93281275843121,52.69780742717861,19.23899557276235,12.79707639787479,23.87850462654981,7.230349723575288,Cotton,Boll Rot
33.347327786896074,40.7916092020166,21.115251799046924,12.885801551990973,23.264509533917117,6.092716730758915,Cotton,None
30.283727995620275,40.06738959361251,22.65791985416594,11.525719260536665,24.419093813509974,6.137170158449037,Cotton,None
28.36737889874811,43.48677641226691,17.82960129734814,13.643811850078537,21.726805875636142,7.055030263596729,Cotton,Leaf Curl
27.070919558641556,58.429162558036516,24.407244137033935,13.877015292247442,29.11575967324128,7.339923348267792,Cotton,None
34.24964186576382,47.9665353917684,18.245007390709237,12.929464326116648,22.408734055510592,6.36729978805654,Cotton,None
34.23432240164397,44.2450443313981,22.663706282170907,14.068622395673248,26.27314456884043,6.5078025581262535,Cotton,None
34.585071206933506,53.14743383510469,18.00993644479261,8.511142308869413,24.063270678099432,6.6993812667362445,Cotton,None
26.069743452047437,50.91784227381794,18.007583922341123,10.90671506766115,27.04095558183647,7.227372385054698,Cotton,None
33.959410222006895,55.65008878563656,19.067818033492408,13.907543950324573,24.52775514293136,6.009601988392003,Cotton,None
22.471275760217694,80.52341840610865,16.39370913268484,10.195827254385508,19.47517918731318,5.3292645277758,Tea,Blister Blight
21.211767382603377,89.9300767948713,15.008345860853606,8.072483085842064,15.660327849875003,5.643788720428872,Tea,Blister Blight
19.381392353226044,78.68616598164502,19.205499567349094,11.203263292614357,22.203249375206468,5.669869079999704,Tea,None
23.717361956157298,88.57166653639888,18.001449061089513,8.232703227529024,20.262702716087013,4.755812220575098,Tea,Blister Blight
19.722804578982252,80.05148033799513,17.656519037830407,8.989283216267854,21.167203533031312,4.5897675524504224,Tea,Blister Blight
18.6067748720729,80.00400890855558,14.365589795211733,9.677659201342431,15.940230125522826,5.112178023607077,Tea,Blister Blight
18.612699934573268,74.85549381627776,13.719511750238077,11.789957202327923,23.80271244431495,4.757108362343352,Tea,Red Rust
18.213455788907016,74.32245201132949,17.115404556860415,10.045208615798778,22.10925763006171,5.34621797758831,Tea,None
19.141028326352963,75.95080626626438,19.335116287418163,8.531459733114854,23.018226017850075,5.053618445545038,Tea,None
24.020644263519287,88.16321887853148,19.33333657023907,10.989443386288528,15.423635333280636,4.954977156292258,Tea,Blister Blight
24.39738863116454,81.43543935054277,15.805701603005822,9.172674381203302,21.54035283464675,5.076506178887386,Tea,Blister Blight
22.981385829180525,87.20692410450998,15.35104851522921,9.37297973361199,19.74731607798047,4.530752321307221,Tea,Blister Blight
18.108659717875952,86.59013654135269,18.70578375191716,9.340892175361574,20.704759579693093,5.917370548668373,Tea,Blister Blight
21.28738630623527,79.65426096600308,19.262585449290576,8.60945530060747,18.955789495846556,5.279435730697001,Tea,None
21.607937088474316,72.73636538099672,14.303506088560564,9.847591404745934,22.310892624493917,5.466526056059796,Tea,Red Rust
20.969826189371023,88.54347601377263,16.37528316767509,8.596998101582752,22.711844274648403,5.269329956156255,Tea,Blister Blight
21.554920046087577,85.0998776586857,17.686370444148192,11.695622205976585,19.58906764293441,5.354118885476729,Tea,Blister Blight
20.93328374489215,85.25256616031442,14.201894331589655,10.472856531239088,22.784806619721458,5.3461130828022885,Tea,Blister Blight
18.734034629674195,82.77002636707829,16.716247264481193,10.78549927272896,19.661274215144328,4.680269544863309,Tea,Blister Blight
21.22588238582622,82.63007926085496,17.51241327066973,10.557504833315964,15.517431500098072,4.685983476699473,Tea,Blister Blight
20.29648000724173,73.22523833507395,16.09487533321654,8.689117977381072,20.437503073490713,5.767595811908113,Tea,None
19.953372060664112,77.28848930666688,18.222723498992025,11.217633519922831,15.391734154034978,5.216488062991473,Tea,None
18.717195068513632,79.21061558432021,19.040373394716962,10.708264312662655,16.78006744790776,5.295383614066633,Tea,None
20.064258409001532,71.96425091982488,13.405194942993841,8.471965167291957,21.084747056399387,5.913146940756364,Tea,Red Rust
19.082688418141572,82.3630607510875,17.041400979556357,10.807577681719641,18.38477229872875,5.250017584908401,Tea,Blister Blight
21.71691492139449,70.64999574401625,13.062249126911027,9.921871259130901,19.11040911377622,5.200139743442808,Tea,Red Rust
18.420915173373754,85.71394354914544,19.501629263352555,10.998654756693716,16.510142917850796,4.504100073188692,Tea,Blister Blight
22.621096231965836,70.99234959452096,15.287402461901147,10.811764250568924,16.541567162151793,4.707407850971045,Tea,None
19.06865723390313,88.07992363676516,17.836927541624757,8.98408777703577,21.80003658096421,5.868986863921941,Tea,Blister Blight
20.422875816483703,80.1558487855819,18.822420170671506,11.090666145064139,21.364850205552163,4.882880296282746,Tea,Blister Blight
21.350626871910357,78.73663080057457,15.924089405077577,11.193867296074963,23.85767807712735,5.9215747252413085,Tea,None
22.901385140816224,74.44735489585989,17.576800809010017,10.718969826374952,21.616038499551713,5.629598665970898,Tea,None
20.679226686526096,74.8527391864278,17.79708463964622,9.40592627551698,23.545307459774328,5.05255393449394,Tea,None
23.827192419500086,72.34600864451424,18.583738175309914,10.780722635531909,17.546700541561815,5.16075835493665,Tea,None
20.15828737034346,88.03370352031727,13.762781939346016,10.992120311009959,15.590647550469223,5.639898347994629,Tea,Blister Blight
18.62117807612355,82.78685085292788,19.781685724221134,10.5285431054536,21.237315050214526,4.894211724627596,Tea,Blister Blight
22.88262667067883,85.59936551403328,12.943434022365526,10.842446165051562,24.39504036156496,4.9453657715238535,Tea,Blister Blight
19.218107653782674,79.49724388801489,18.10914415036721,9.622643687273467,17.075530878955433,5.084839188411243,Tea,None
23.170408186734583,77.46932687264643,19.047363273560585,9.144516396013604,18.685697291690687,4.678955207432405,Tea,None
20.94398377775242,73.16696266296772,12.578364884113753,11.704401195872368,19.72126904019563,4.974153178695904,Tea,Red Rust
23.95356909207601,86.36964082726533,12.94669805118581,8.897094727303076,15.420962310847488,4.738055787845612,Tea,Blister Blight
23.823694372392374,74.70770797698174,13.604934533790448,8.318895131713967,15.323249115273201,4.5138710472198165,Tea,Red Rust
20.28594509882372,81.08686364829798,14.417599580530197,8.095477761146922,17.828154188625604,4.975236974555127,Tea,Blister Blight
22.173007995865497,89.70272178103374,18.72773885607322,10.677199570639132,18.26564392983034,4.973742446892286,Tea,Blister Blight
21.734321352373435,77.88509159909685,15.571023768999469,9.882149060004805,22.776747521027517,5.777800714411773,Tea,None
18.291572895813527,81.70321947263815,12.003589345638808,8.730507282760092,19.928174755086204,5.023583918230653,Tea,Blister Blight
18.43190933400163,74.94725520977701,13.910546102060053,11.253496398035946,24.068112435715534,5.311052242626685,Tea,Red Rust
24.239821535847774,87.09115345951255,12.926861787482164,11.699892592602874,15.738894338575875,4.788971592772357,Tea,Blister Blight
21.14036938983977,74.2592877584997,12.92822436970108,8.37677714046708,22.5906339458589,5.051147384444121,Tea,Red Rust
23.476096538865065,75.98930679069788,19.574157160104434,11.503845931454187,22.58467447721457,5.641361437995471,Tea,None
24.997131627382046,87.02203751388166,15.13910054485798,8.62385274372361,23.1625268815355,5.597852390053498,Tea,Blister Blight
23.058360762621785,80.17526788429169,18.113541816510295,8.62253682337217,19.1893018116987,5.019661156743717,Tea,Blister Blight
22.379947259097925,86.21270566078152,14.10039588103735,10.224440908067777,22.436486799548568,5.808090466091272,Tea,Blister Blight
24.825278746168266,72.59085958788924,15.207325332565704,8.853464421012141,18.693587547755385,4.967111020254495,Tea,None
22.05764691431671,75.63835491690304,14.078467067741123,8.69886807489994,17.20238560889936,4.583443371085559,Tea,Red Rust
23.894911381148404,79.41198419907911,12.042827028977257,9.339134515218976,22.21847872623058,5.886088487281568,Tea,Red Rust
22.95720080602105,89.32369592972768,13.092901939525245,11.285943350893028,15.07114796434841,4.880194304746595,Tea,Blister Blight
24.743102899297757,75.47042900074763,19.30127873717331,10.271799094120336,24.636418536432767,5.068424079432762,Tea,None
18.055306513409725,76.97063018495761,16.723195080586812,9.237672526161901,19.42167194201182,5.1536654209770285,Tea,None
21.294060862391905,70.83772228962033,12.39298462405381,10.770137621718977,16.269602724675305,5.404691200017004,Tea,Red Rust
18.085052860937758,84.86649882779281,15.361373813404414,8.938438056188238,21.425829325786644,5.581899588286092,Tea,Blister Blight
18.78062690152948,76.53417773098502,18.24782045453535,10.658157582645678,19.919168792062454,5.0271782237709495,Tea,None
21.51521562484145,89.29559699422629,13.511635307113195,9.723487841769286,20.16018348272498,5.994108590213598,Tea,Blister Blight
24.277949476933333,72.58758720607379,19.965573463965455,10.562955107875736,21.47637664101072,4.71708173784517,Tea,None
22.44507094701886,79.96917143196633,16.093181738608845,8.282524788801222,19.214846568589973,5.239923290526869,Tea,None
19.45006286197683,75.22402563781297,16.462503882401858,9.072705052874294,22.243979129830524,4.660359620292023,Tea,None
24.570578839379937,87.42211113431,16.041773600986787,11.263126018834615,22.683043446834304,5.2606696260580765,Tea,Blister Blight
20.998842156648166,88.71775591629797,13.350912481513035,8.688976070119189,17.77386189380196,4.796294209073288,Tea,Blister Blight
20.427773369630643,70.8188337913178,13.363028935895002,10.384295414878771,23.454761905438044,4.554435183484044,Tea,Red Rust
21.28475362696965,82.1912198343956,18.339601541110035,11.553618920531818,16.787267267209547,4.786151773640026,Tea,Blister Blight
24.27667239877568,82.91649070927092,16.402405239481183,10.394021988088635,19.987684868491428,5.756653981261524,Tea,Blister Blight
20.45825338524442,79.45439474877577,19.63311260078092,9.459841477493336,19.056319436663642,5.966162314405503,Tea,None
20.716754698960248,72.708112824147,12.462153595390904,8.25672773113685,24.467117963100954,5.082218913188761,Tea,Red Rust
22.547153497618755,83.95503471623124,19.037653650087428,9.49876402600098,18.59652585874731,4.616697441276598,Tea,Blister Blight
21.642455859277163,76.71434142469208,19.699457047907085,9.054080549114667,17.664794218744223,5.499212184112375,Tea,None
23.394254362962677,77.75357305887754,16.09220525331904,11.76610830112363,20.816990792688728,4.913538811835036,Tea,None
19.881928544038317,82.3166608662647,17.99547731772458,10.553368344083008,16.113612869324406,5.365648386425699,Tea,Blister Blight
20.080145478562095,84.65881623009847,19.06404540666806,11.924145529612927,23.284880968778292,5.457959192738576,Tea,Blister Blight
21.68297126282676,84.59754686025428,15.627322964957811,9.200641132751135,24.499305782688904,5.294436730230327,Tea,Blister Blight
24.532670811489677,82.54451239068288,13.047273678738325,9.519859817375412,17.216044886437913,4.740538491969007,Tea,Blister Blight
21.311886917275828,73.75982494674236,18.54373468011452,8.323508230752186,24.439339885553828,4.567179887718158,Tea,None
24.0181706936341,83.40318166076007,17.71342419459335,9.764185830466173,21.932505789201233,5.002990805269937,Tea,Blister Blight
19.621449523593014,76.35418786089802,19.419747389607217,8.737087080262842,18.73529389654736,4.859054455356118,Tea,None
24.13436007630726,81.61649439033023,19.420783133732293,11.080139180387096,16.267890331833662,5.33244860060599,Tea,Blister Blight
24.408708452495883,76.03638607038027,13.675106823192888,9.940513149594736,18.07659349734147,4.79309946055001,Tea,Red Rust
19.9815586121868,83.990821970311,18.103496102247234,11.03371118839202,16.147354325762617,5.237253404592723,Tea,Blister Blight
23.95934828612136,71.6476198511451,14.832012933143012,10.241523595705186,15.930522936417134,5.903717138631571,Tea,Red Rust
21.35866658954621,72.61769370366132,13.793224581077396,8.41213233145389,19.265121147689968,4.732993746406575,Tea,Red Rust
20.319336788246005,86.58666105618732,12.718942841037393,9.787125469920086,24.67917582839067,5.090744358845797,Tea,Blister Blight
23.374845037486402,84.89983663943568,12.959633572332374,9.078425134621776,21.86715815997024,5.95429471241691,Tea,Blister Blight
21.69921942571207,72.39099374018232,13.34181238313098,10.397228467168699,22.370348128215035,5.864420075500101,Tea,Red Rust
18.923955811375127,82.95161957728264,17.644145130528933,8.695853022211605,15.625228141975692,5.864917804966067,Tea,Blister Blight
22.04301479748554,77.47911813599761,13.608780405619344,8.669092968495054,23.353205970919444,4.783287761330239,Tea,Red Rust
22.709151231743164,79.7779144589538,19.161586182288623,10.146095856019706,22.55261523264782,5.062958196452907,Tea,None
18.324442057348826,88.57386108752003,19.871532368709907,10.314587706051089,22.153458889065256,4.864212520884376,Tea,Blister Blight
19.02578043995063,82.4812774959887,16.45449548315159,8.532962151928826,15.005872797769081,5.78435767376417,Tea,Blister Blight
21.00388078330263,79.90836229078941,19.598128702518686,9.793346513948602,19.96259156145862,5.9422603882758045,Tea,None
23.138002029797157,72.60943941961575,19.637249497724884,11.17592818109813,17.08242208623853,5.333234068478229,Tea,None
24.079816492389085,82.9077716290387,14.312600555475909,11.556595521378881,18.36076278018977,5.572501983464999,Tea,Blister Blight
23.569089474382597,73.62947785825713,13.070118327632978,11.191070847390376,24.041228037088583,4.829644041452945,Tea,Red Rust
